Time;Type;Aux temp;FPA temp;ROI values from Lepton;ROI from Lepton;ROI set to Lepton;Last FFC
1606568213;Forehead;2.859.000.015.258.780;28.579.999.923.706.000;"(27.960000000000036, 32.99000000000001, 20.24000000000001, 70)";"(10, 46, 16, 55)";"((46, 10), (55, 16))";
1606568240;Forehead;28.760.000.228.881.800;28.719.999.313.354.400;"(26.32000000000005, 33.360000000000014, 19.930000000000007, 70)";"(12, 35, 17, 44)";"((35, 12), (44, 17))";
